{
  "count": 114608,
  "mean": 0.5940541457443663,
  "std": 0.2596463844705961,
  "min": -0.2659003734588623,
  "p25": 0.3977184146642685,
  "median": 0.6890909075737,
  "p75": 0.8136953264474869,
  "max": 0.932841956615448,
  "crs": "EPSG:4326",
  "transform": "| 0.00, 0.00, 109.70|\n| 0.00,-0.00, 23.97|\n| 0.00, 0.00, 1.00|"
}